timestamp,power(W),velocity(m/s),position_x,position_y,position_z,mission_duration(s)
1740865419.5042536,153.8597988843234,0.009800000000000532,0.0,0.0,0.9125109452423362,0.009401559829711914
1740865419.5381873,153.8597988843234,0.009800000000000532,0.0,0.0,0.9126775452423354,0.0433351993560791
1740865419.5726705,153.8597988843234,0.009800000000000532,0.0,0.0,0.9128441452423345,0.07781839370727539
1740865419.6064007,153.8597988843234,0.00980000000000052,0.0,0.0,0.9130107452423336,0.11154866218566895
1740865419.6401854,153.8597988843234,0.009800000000000498,0.0,0.0,0.9131773452423327,0.14533329010009766
1740865419.673866,153.8597988843234,0.009800000000000449,0.0,0.0,0.9133439452423319,0.17901396751403809
1740865419.7081017,153.8597988843234,0.009800000000000437,0.0,0.0,0.913510545242331,0.21324968338012695
1740865419.7421198,153.8597988843234,0.009800000000000428,0.0,0.0,0.9136771452423301,0.2472677230834961
1740865419.7764435,153.8597988843234,0.009800000000000407,0.0,0.0,0.9138437452423293,0.28159141540527344
1740865419.810715,153.8597988843234,0.009800000000000393,0.0,0.0,0.9140103452423284,0.31586289405822754
1740865419.8444135,153.8597988843234,0.009800000000000373,0.0,0.0,0.9141769452423275,0.3495614528656006
1740865419.8783205,153.8597988843234,0.009800000000000338,0.0,0.0,0.9143435452423266,0.3834683895111084
1740865419.9123833,153.8597988843234,0.009800000000000324,0.0,0.0,0.9145101452423258,0.41753125190734863
1740865419.9485476,153.8597988843234,0.009800000000000303,0.0,0.0,0.9146767452423249,0.45369553565979004
1740865419.9847698,153.8597988843234,0.009800000000000284,0.0,0.0,0.914843345242324,0.4899177551269531
1740865420.0194137,153.8597988843234,0.009800000000000262,0.0,0.0,0.9150099452423232,0.5245616436004639
1740865420.0540404,153.8597988843234,0.009800000000000262,0.0,0.0,0.9151765452423223,0.5591883659362793
1740865420.087723,153.8597988843234,0.00980000000000022,0.0,0.0,0.9153431452423214,0.5928709506988525
1740865420.121764,153.8597988843234,0.009800000000000213,0.0,0.0,0.9155097452423205,0.6269118785858154
1740865420.155509,153.8597988843234,0.00980000000000019,0.0,0.0,0.9156763452423197,0.6606569290161133
1740865420.189753,153.8597988843234,0.009800000000000168,0.0,0.0,0.9158429452423188,0.6949009895324707
1740865420.2240047,153.8597988843234,0.00980000000000017,0.0,0.0,0.9160095452423179,0.7291526794433594
1740865420.258473,153.8597988843234,0.009800000000000168,0.0,0.0,0.916176145242317,0.7636208534240723
1740865420.292213,153.8597988843234,0.009800000000000145,0.0,0.0,0.9163427452423162,0.797360897064209
1740865420.3260658,153.8597988843234,0.009800000000000132,0.0,0.0,0.9165093452423153,0.8312137126922607
1740865420.360218,153.8597988843234,0.009800000000000125,0.0,0.0,0.9166759452423144,0.8653659820556641
1740865420.394327,153.8597988843234,0.00980000000000013,0.0,0.0,0.9168425452423136,0.8994748592376709
1740865420.4280732,153.8597988843234,0.009800000000000121,0.0,0.0,0.9170091452423127,0.9332211017608643
1740865420.4621499,153.8597988843234,0.009800000000000114,0.0,0.0,0.9171757452423118,0.9672977924346924
1740865420.4965258,153.8597988843234,0.009800000000000093,0.0,0.0,0.917342345242311,1.001673698425293
1740865420.5306714,153.8597988843234,0.009800000000000083,0.0,0.0,0.9175089452423101,1.0358192920684814
1740865420.564682,153.8597988843234,0.00980000000000007,0.0,0.0,0.9176755452423092,1.0698299407958984
1740865420.5985503,153.8597988843234,0.009800000000000073,0.0,0.0,0.9178421452423083,1.1036982536315918
1740865420.632483,153.8597988843234,0.00980000000000006,0.0,0.0,0.9180087452423075,1.1376309394836426
1740865420.6668704,153.8597988843234,0.009800000000000052,0.0,0.0,0.9181753452423066,1.17201828956604
1740865420.7003012,153.8597988843234,0.009800000000000057,0.0,0.0,0.9183419452423057,1.205449104309082
1740865420.7341404,153.8597988843234,0.009800000000000057,0.0,0.0,0.9185085452423049,1.239288330078125
1740865420.768184,153.8597988843234,0.00980000000000006,0.0,0.0,0.918675145242304,1.273331880569458
1740865420.8021505,153.8597988843234,0.009800000000000047,0.0,0.0,0.9188417452423031,1.3072984218597412
1740865420.835985,153.8597988843234,0.009800000000000019,0.0,0.0,0.9190083452423022,1.3411328792572021
1740865420.8699746,153.8597988843234,0.009800000000000014,0.0,0.0,0.9191749452423014,1.3751225471496582
1740865420.9043777,153.8597988843234,0.009800000000000017,0.0,0.0,0.9193415452423005,1.4095256328582764
1740865420.938432,153.8597988843234,0.009800000000000007,0.0,0.0,0.9195081452422996,1.443579912185669
1740865420.9725022,153.8597988843234,0.009799999999999998,0.0,0.0,0.9196747452422988,1.4776501655578613
1740865421.006672,153.8597988843234,0.009799999999999986,0.0,0.0,0.9198413452422979,1.511819839477539
1740865421.0459847,153.8597988843234,0.009799999999999982,0.0,0.0,0.920007945242297,1.5511326789855957
1740865421.0803392,153.8597988843234,0.009799999999999979,0.0,0.0,0.9201745452422961,1.5854871273040771
1740865421.1143575,153.8597988843234,0.009799999999999982,0.0,0.0,0.9203411452422953,1.6195054054260254
1740865421.1479733,153.8597988843234,0.009799999999999967,0.0,0.0,0.9205077452422944,1.6531212329864502
1740865421.1818907,153.85987941299447,0.0055107500053441965,2.1038808106556756e-10,-1.5525922207374524e-10,0.9206657559922927,1.6870386600494385
1740865421.2158635,153.8588665818261,0.02926529849298397,2.7938153149796378e-06,-2.0986968456253977e-06,0.9200870044150781,1.7210114002227783
1740865421.249999,153.85531828036568,0.06124954451073357,3.5648265313420276e-05,-2.725915241188282e-05,0.9183748789737838,1.7551469802856445
1740865421.283814,153.8497984347788,0.09086757199473613,0.00016309983397387487,-0.00012691845253578614,0.9156216538456082,1.7889618873596191
1740865421.3181808,153.84263512472313,0.11876913261144886,0.00048109116922008673,-0.00038086591168740816,0.911911369724095,1.8233287334442139
1740865421.351906,153.83385120661154,0.14588198964341303,0.0011103679258510767,-0.0008940567282600272,0.9073199659066142,1.8570539951324463
1740865421.3859627,153.8231064661476,0.17338561785670184,0.002189627723325752,-0.0017926523306080312,0.9019154848458801,1.8911106586456299
1740865421.4199793,153.80967965748445,0.20258504574993,0.003867644588106311,-0.003218547934622064,0.8957612388217072,1.9251272678375244
1740865421.4540503,153.7925105565225,0.23470463470267194,0.006295770756413006,-0.005323516546480965,0.888918505941011,1.959198236465454
1740865421.4882393,153.77029094215757,0.27069381729161196,0.009621420464191477,-0.00826357910199634,0.8814438905908549,1.993387222290039
1740865421.5225792,153.74155959221977,0.31114695516307184,0.013983232151829356,-0.012194395948032422,0.8733894010325441,2.0277271270751953
1740865421.556136,153.70481534143005,0.35628838381014805,0.01950718495440386,-0.017267156432519217,0.8648027722648847,2.061283826828003
1740865421.5900784,153.6586693068984,0.4059806195094581,0.026302134327887798,-0.02362345286099721,0.8557277559939425,2.095226287841797
1740865421.6241596,153.60200269941424,0.459775404304596,0.03445568503950563,-0.031390007921957966,0.8462044007118198,2.129307508468628
1740865421.6581953,153.5341282874828,0.5169707606812257,0.04403123293559567,-0.04067419080036461,0.83626933820991,2.1633431911468506
1740865421.6917708,153.45492860507963,0.5766733232794935,0.05506621474469061,-0.05156051389946424,0.8259560716358739,2.1969187259674072
1740865421.7258124,153.36493807881024,0.6378682696307514,0.06757152209420716,-0.06410821906597435,0.815295253237812,2.2309603691101074
1740865421.7595534,153.26535182280108,0.6994902905176881,0.0815319893984357,-0.07835000564341717,0.8043149438595887,2.2647013664245605
1740865421.7939339,153.1579629195943,0.7604869271613853,0.09690782064294495,-0.09429188891009925,0.7930408519827605,2.299081802368164
1740865421.8281853,153.04504088426916,0.8198700843573368,0.11363677692519436,-0.11191413169173908,0.781496552648607,2.3333332538604736
1740865421.8617055,152.92916797556953,0.8767558671938385,0.13163688344697788,-0.13117323839342626,0.7697036867613289,2.3668534755706787
1740865421.8960214,152.81306024908181,0.9303905077122738,0.1508094604644498,-0.1520048258193247,0.7576821407816755,2.4011693000793457
1740865421.9303463,152.6993924093582,0.9801650327631442,0.17104237773343825,-0.1743270072414031,0.7454502069699358,2.4354941844940186
1740865421.964555,152.59064061407213,1.0256215145676213,0.19221342270776007,-0.19804404350341898,0.7330247251559919,2.469702959060669
1740865421.9984615,152.48895436159742,1.0664525813516355,0.21419368162417665,-0.2230500641597726,0.7204212076527416,2.5036094188690186
1740865422.0327134,152.3960638419662,1.1024956380658544,0.2368508499148878,-0.24923269404569484,0.7076539493342002,2.5378613471984863
1740865422.0667627,152.31322477136726,1.133723031249792,0.26005240422213904,-0.27647645543620414,0.6947361250585755,2.5719106197357178
1740865422.1031566,152.25840338128918,1.153949986695907,0.28367849827378044,-0.30469127317815153,0.682007816937736,2.608304500579834
1740865422.1374874,152.22217296983058,1.1671363879098697,0.3076137729977024,-0.33380508670557824,0.6702754982949802,2.6426353454589844
1740865422.1715481,152.20147271505095,1.1746079555737516,0.33169614208762654,-0.3636380122716092,0.6594983810623867,2.6766960620880127
1740865422.2053423,152.19979727017926,1.1752107401992138,0.3557521905495013,-0.3939749590747421,0.6495990818220545,2.7104902267456055
1740865422.239685,152.2195441009268,1.1680877426704535,0.3796040756264644,-0.42457598698240157,0.6405062825147345,2.744832992553711
1740865422.2734597,152.2620106355926,1.1526293271827364,0.40307383146746395,-0.4551821215738787,0.632154236038888,2.7786076068878174
1740865422.3080175,152.3273027396161,1.1284736998077032,0.4259869740241958,-0.4855207482452894,0.6244823361259544,2.8131654262542725
1740865422.3418791,152.41399538122286,1.095625417488312,0.44817716983929784,-0.5153135937374456,0.6174347426993166,2.847027063369751
1740865422.3760946,152.51918320846787,1.054471560669548,0.46949202660190015,-0.5442875304020371,0.6109600586413036,2.881242513656616
1740865422.409959,152.6388145103311,1.005727624737116,0.48979797749010373,-0.572184724295126,0.6050110436792692,2.915107011795044
1740865422.443836,152.7680976583625,0.9503781489018835,0.5089838841148074,-0.5987713606114142,0.5995443506633771,2.948983907699585
1740865422.4780047,152.9019401664809,0.8896128459388386,0.5269633998313551,-0.6238448616056022,0.5945202711092689,2.9831526279449463
1740865422.51204,153.03537368644388,0.8247610293719967,0.5436761424323235,-0.6472394956080904,0.5899024791789123,3.0171878337860107
1740865422.5460746,153.16392113605437,0.7572281290022077,0.5590877421912097,-0.6688302783464475,0.5856577702170652,3.051222562789917
1740865422.580065,153.28387650959348,0.6884360784473794,0.5731888627241696,-0.6885351051731082,0.5817557978845767,3.0852129459381104
1740865422.6141257,153.39248169303306,0.6197681422978317,0.5859933327809052,-0.7063151227113335,0.578168817391428,3.1192736625671387
1740865422.648473,153.48799535436308,0.5525194468939891,0.5975355670788337,-0.7221734380683394,0.5748714413993284,3.153620958328247
1740865422.6817007,153.56966026484815,0.48785525508476035,0.6078674831376203,-0.7361523540675967,0.5718404130292385,3.1868486404418945
1740865422.7155185,153.6375870003769,0.4267786666184864,0.6170551315629608,-0.7483293916896219,0.5690543987427685,3.2206664085388184
1740865422.7496164,153.69258037641345,0.37010827993521983,0.6251752474703918,-0.7588124042387483,0.5664938025605185,3.2547643184661865
1740865422.783922,153.73593789757572,0.318465187705411,0.6323119037170072,-0.7677340983179453,0.564140601818115,3.289069890975952
1740865422.8180075,153.76924719340934,0.27226798665711427,0.6385534083893417,-0.7752462586884271,0.5619782034769089,3.323155403137207
1740865422.852292,153.79420358806027,0.2317345100548447,0.6439895465253481,-0.7815139364114073,0.5599913190774266,3.3574399948120117
1740865422.8859673,153.8124616259799,0.19688991369230704,0.6487092253126402,-0.786709812516094,0.5581658558584542,3.391115188598633
1740865422.9199042,153.82552718150308,0.16758260721328624,0.652798547003186,-0.7910089015581763,0.5564888213654452,3.4250521659851074
1740865422.9543388,153.83469073695156,0.14351176999626944,0.6563393063553551,-0.7945837166227016,0.554948238971385,3.459486722946167
1740865422.9883654,153.84099796384558,0.12427086209513696,0.6594078896536943,-0.7975999821782045,0.5535330720359452,3.493513345718384
1740865423.0232756,153.84525091428824,0.10940710545852574,0.6620745392823827,-0.8002129537024154,0.5522331548397593,3.528423547744751
1740865423.0576668,153.848031728051,0.09848498946461669,0.664402940015044,-0.8025643815641911,0.5510391288709029,3.562814712524414
1740865423.091666,153.84974050573828,0.09112742533344143,0.6664500792260762,-0.8047801390442625,0.5499423834530167,3.596813917160034
1740865423.1255162,153.8506396066204,0.08700701751393211,0.6682663319931138,-0.8069685185714343,0.5489350000539229,3.630664110183716
1740865423.1592574,153.85089784285358,0.08578704047979811,0.6698957227588672,-0.8092191848680967,0.5480096998838361,3.664405345916748
1740865423.193583,153.85062962697015,0.08705382134255808,0.6713763173687582,-0.8116027582131201,0.5471597945814324,3.698730945587158
1740865423.2276533,153.84992587416502,0.09029328609065249,0.6727407026180034,-0.8141709856930989,0.5463791399019141,3.7328011989593506
1740865423.2617292,153.84887517171887,0.09492453836206544,0.6740165147446913,-0.8169574439167758,0.5456620923770943,3.7668771743774414
1740865423.2960465,153.84757523775536,0.10035938810057765,0.6752269834237069,-0.8199787042319048,0.5450034689290878,3.801194429397583
1740865423.330055,153.8461358739928,0.10605318674162291,0.6763914635452278,-0.8232358819548332,0.5443985094018664,3.835202932357788
1740865423.3640728,153.84467540051446,0.1115342280736961,0.6775259331498076,-0.8267164851505006,0.5438428419423436,3.869220733642578
1740865423.3983963,153.84331293232844,0.1164153979834709,0.6786434420570961,-0.8303964763278809,0.5433324511256573,3.9035441875457764
1740865423.4320695,153.84215885762498,0.12039552882632461,0.679754501680653,-0.8342424618822714,0.5428636486855998,3.9372174739837646
1740865423.4657714,153.84130558441746,0.12325579761137435,0.6808674120065259,-0.8382139287421706,0.5424330466853844,3.970919370651245
1740865423.499971,153.84082013427968,0.12485389436367117,0.6819885265158843,-0.8422654547968956,0.542037532948189,4.0051188468933105
1740865423.5340164,153.84073958061944,0.12511710531715942,0.6831224598000533,-0.8463488285660703,0.5416742485611858,4.039164304733276
1740865423.5682833,153.84106974476194,0.12403474617323437,0.6842722456610107,-0.8504150235444566,0.5413405672697345,4.0734312534332275
1740865423.602169,153.84178704666297,0.12165013406924201,0.6854394555819309,-0.8544159831440679,0.5410340765879968,4.107316970825195
1740865423.6362553,153.84284300543723,0.1180522328442621,0.6866242886120564,-0.8583061827171136,0.5407525604661413,4.1414031982421875
1740865423.670134,153.84417062187526,0.11336711392138395,0.6878256440018515,-0.8620439454518836,0.540493983370327,4.175282001495361
1740865423.703886,153.8456917539924,0.10774939177223715,0.6890411874457326,-0.8655924987514649,0.5402564756480971,4.209033966064453
1740865423.7383213,153.84732460425468,0.10137380048011117,0.6902674206643952,-0.868920766850929,0.5400383200672654,4.24346923828125
1740865423.7717957,153.84899054858212,0.09442707184709291,0.6914997624286701,-0.8720039037524239,0.5398379394301173,4.276943683624268
1740865423.8064134,153.85061972077324,0.08710025583706568,0.6927326471439484,-0.8748235779270617,0.5396538851763554,4.311561346054077
1740865423.8403935,153.85215498750765,0.07958159246925246,0.6939596449322402,-0.8773680265306841,0.5394848268976926,4.345541477203369
1740865423.8739154,153.85355417621523,0.07205000328487902,0.6951736049150317,-0.8796319020127388,0.5393295426945283,4.379063367843628
1740865423.9078267,153.85479062353184,0.06466922523842256,0.6963668212471799,-0.8816159379014205,0.5391869103110756,4.41297459602356
1740865423.9420035,153.85585227579912,0.0575825703090201,0.6975312194927636,-0.8833264632039418,0.5390558989900485,4.44715142250061
1740865423.976018,153.8567396835174,0.05090827927566956,0.698658559256255,-0.8847747962960902,0.5389355619919088,4.481165885925293
1740865424.0100915,153.85746328556354,0.044735479650814695,0.6997406476488919,-0.8859765494650834,0.5388250297270611,4.515239477157593
1740865424.0471957,153.8580403802911,0.0391208970087468,0.7007695572174414,-0.8869508745302772,0.5387235034524838,4.5523436069488525
1740865424.0810087,153.85849213872493,0.0340867329180256,0.7017378414042483,-0.8877196783443045,0.5386302494872949,4.586156606674194
1740865424.1146777,153.8588409426127,0.029620465918024436,0.7026387404370663,-0.8883068346379884,0.5385445939046973,4.619825601577759
1740865424.1484725,153.85910824088788,0.025677563801455864,0.7034663707418765,-0.8887374157871907,0.5384659176607365,4.653620481491089
1740865424.1822858,153.8593130252387,0.022187892844400224,0.7042158914958678,-0.8890369648157146,0.5383936521232623,4.68743371963501
1740865424.2161496,153.8594709399322,0.01906574893616634,0.7048836427453368,-0.8892308244605843,0.5383272749673994,4.7212975025177
1740865424.2503197,153.85959397086506,0.01622216843589528,0.7054672505514957,-0.8893435365528997,0.5382663064066631,4.755467653274536
1740865424.2848747,153.85969060873455,0.013577313923761361,0.7059656958381102,-0.889398321428585,0.5382103057315427,4.790022611618042
1740865424.3189867,153.85976635283646,0.01107115294891379,0.7063793449377319,-0.8894166436791394,0.5381588681298906,4.824134588241577
1740865424.3533213,153.85982441411895,0.008672943975654289,0.7067099412065433,-0.889417867365025,0.5381116217657558,4.858469247817993
1740865424.3869207,153.85986648554197,0.006396135861790403,0.7069605584414425,-0.8894190009085984,0.5380682250954187,4.89206862449646
1740865424.4205573,153.8598934699643,0.004348011280910028,0.7071355181307105,-0.8894345293086953,0.5380283644012548,4.925705194473267
1740865424.455058,153.8599060856631,0.0029355601965325626,0.7072402737510459,-0.8894763291095545,0.5379917515257527,4.960206031799316
1740865424.4894266,153.8599053023081,0.003042418259710453,0.7072812663463838,-0.8895536597333482,0.5379581217895139,4.994574546813965
1740865424.523429,153.85989259129857,0.0044296422977818575,0.7072657564545246,-0.8896732233557658,0.5379272320784056,5.028576850891113
1740865424.5573473,153.8598700001007,0.006168019243073334,0.7072016380632263,-0.8898392844633897,0.5378988590862466,5.062495231628418
1740865424.591461,153.85984008081215,0.007902126716960391,0.707097240665646,-0.8900538395645381,0.5378727977004862,5.096608877182007
1740865424.6254861,153.8598057154068,0.009511524208030557,0.7069611256436932,-0.8903168272069456,0.5378488595193315,5.130634069442749
1740865424.659318,153.85976988380435,0.010940328883139377,0.7068018831442818,-0.8906263684533037,0.5378268714896837,5.16446590423584
1740865424.6931133,153.85973541893094,0.012157233385260185,0.7066279353431122,-0.890979028240826,0.5378066746560728,5.198261260986328
1740865424.7266881,153.85970478598415,0.013144621605870127,0.7064473515357255,-0.8913700885612321,0.5377881230115595,5.2318360805511475
1740865424.7606833,153.85967991298082,0.013894837331169597,0.7062676798836166,-0.8917938250986686,0.5377710824422905,5.265831232070923
1740865424.794541,153.85966208822057,0.014408461887350866,0.7060957999051594,-0.8922437798109176,0.5377554297580525,5.299688816070557
1740865424.828976,153.85965192915864,0.014693168440798288,0.7059377989701817,-0.8927130228909755,0.5377410518018001,5.334123849868774
1740865424.8630645,153.85964941760665,0.014762708059350127,0.70579887516714,-0.8931943985617814,0.5377278446317,5.368212461471558
1740865424.8971257,153.8596539889906,0.014635889439655058,0.7056832679963957,-0.893680750200063,0.5377157127697688,5.402273654937744
1740865424.931506,153.8596646589857,0.014335520212711127,0.7055942174340064,-0.8941651213238073,0.5377045685116657,5.4366538524627686
1740865424.9656076,153.85968016919904,0.013887315876285534,0.7055339510371123,-0.8946409299841072,0.537694331292655,5.470755577087402
1740865424.9995325,153.85969913436134,0.013318794955720473,0.7055036979505693,-0.8951021150531074,0.5376849271051614,5.504680395126343
1740865425.0335953,153.85972017616413,0.012658181258717122,0.7055037279472214,-0.8955432537771926,0.5376762879637207,5.538743257522583
1740865425.072189,153.85974203277854,0.01193333260909053,0.7055334130090489,-0.8959596507545071,0.5376683514134629,5.577337026596069
1740865425.1060238,153.85976363754293,0.011170713955508657,0.7055913084465953,-0.896347399188795,0.5376610600785918,5.611171722412109
1740865425.1398373,153.859784164691,0.010394434281418539,0.7056752501681132,-0.8967034158615502,0.5376543612475942,5.644985198974609
1740865425.174011,153.85980304382673,0.009625374078027476,0.705782464451528,-0.8970254517493899,0.5376482064921927,5.679158926010132
1740865425.2079518,153.8598199477971,0.008880445332131996,0.7059096864405102,-0.8973120805965067,0.5376425513172766,5.713099718093872
1740865425.2420216,153.85983476041906,0.008172051729749209,0.706053283565232,-0.8975626681338427,0.5376373548392851,5.747169494628906
1740865425.2758052,153.85984753159892,0.007507826189861717,0.7062093802350514,-0.897777324964852,0.5376325794907021,5.7809531688690186
1740865425.3099709,153.85985842726703,0.006890720986396239,0.7063739804626787,-0.897956845744027,0.5376281907485297,5.815118789672852
1740865425.344129,153.85986768011637,0.006319524343178182,0.7065430852981837,-0.898102637436455,0.5376241568847602,5.849277019500732
1740865425.3779223,153.85987554629267,0.005789784536882912,0.7067128023467498,-0.8982166397276591,0.5376204487370396,5.883070230484009
1740865425.412151,153.8598822714539,0.005295029740263364,0.706879444839913,-0.898301239847011,0.537617039497866,5.917299032211304
1740865425.4463742,153.8598880673781,0.0048281341587139035,0.7070396182151957,-0.8983591841545793,0.5376139045207887,5.9515221118927
1740865425.4806452,153.85989309929917,0.004382632736881804,0.7071902927815792,-0.8983934889700889,0.5376110211422134,5.985793113708496
1740865425.514483,153.85989748283356,0.0039538362907928235,0.7073288612665651,-0.8984073525379157,0.5376083685175247,6.0196309089660645
1740865425.548334,153.8599012883021,0.003539715312131896,0.7074531807694189,-0.8984040700575376,0.5376059274703502,6.053481817245483
1740865425.5826983,153.85990455022036,0.0031415931570998637,0.7075615992557528,-0.8983869535687967,0.5376036803538771,6.087846279144287
1740865425.6168015,153.8599072794664,0.002764781280395055,0.7076529666487481,-0.8983592578621339,0.5376016109232313,6.1219494342803955
1740865425.650699,153.85990947572006,0.002419310859326926,0.7077266313369779,-0.8983241135783295,0.5375997042179986,6.155846834182739
1740865425.6844864,153.85987730632016,0.0056644793936367534,0.7077823915217645,-0.8982844654749141,0.5376172107600669,6.189634323120117
1740865425.718472,153.85796484508427,0.03990072067364139,0.7078142213326981,-0.8982443243537467,0.5384284298351674,6.2236199378967285
1740865425.752701,153.85362561228933,0.07164425721751302,0.7077784526837635,-0.8982175355966968,0.5403648805523212,6.2578489780426025
1740865425.786543,153.84737802834778,0.10115842398501167,0.7075771822300425,-0.8982300012548573,0.5433348296420797,6.291690826416016
1740865425.8204012,153.83946173312344,0.12922094653458258,0.7070665653285084,-0.8983152504545063,0.5472539533944237,6.325549125671387
1740865425.8546426,153.82975419591762,0.15693732490032256,0.7060659819772024,-0.8985108542824664,0.5520447058590838,6.359790563583374
1740865425.8883905,153.817697977878,0.18569877726261708,0.7043661137674304,-0.8988557280104303,0.5576357519945923,6.393538475036621
1740865425.9226868,153.80227454538644,0.21701983666338218,0.7017376645895859,-0.8993878191522311,0.5639614651653645,6.427834749221802
1740865425.9566603,153.78206063808477,0.2522676159996596,0.6979427398137831,-0.900141773528926,0.5709614893933916,6.461808204650879
1740865425.9908202,153.75535866082706,0.29241328042650744,0.6927466263253258,-0.9011470247330238,0.5785803559704635,6.4959681034088135
1740865426.029251,153.7203814897635,0.33789657727477646,0.6859281731524726,-0.9024265400758124,0.5867671394092696,6.534399032592773
1740865426.0629606,153.6754656619486,0.3886231249693671,0.6772885523726239,-0.90399612677241,0.5954751396343994,6.568108558654785
1740865426.096975,153.61928451674683,0.44405314659751166,0.666658332383281,-0.905864192436209,0.6046615787758937,6.602123022079468
1740865426.1312628,153.5510351576423,0.503324171307361,0.6539028072444182,-0.9080318704736703,0.6142873049052482,6.636410713195801
1740865426.1649313,153.470576096449,0.565369976552743,0.6389255505482018,-0.9104934326800912,0.624316500940271,6.670079231262207
1740865426.1990943,153.37849731090893,0.6290216935693747,0.6216702067839427,-0.9132369194502292,0.6347164014874909,6.70424222946167
1740865426.2329628,153.27611350827047,0.6930894397153017,0.6021205954691371,-0.9162449233611802,0.6454570218797223,6.738110780715942
1740865426.2672727,153.16538338921538,0.7564262749187493,0.580299274048266,-0.919495466138448,0.6565109031433323,6.772420644760132
1740865426.3014796,153.04876875738,0.817976468278285,0.5562647715855772,-0.9229629145276137,0.6678528756389673,6.806627511978149
1740865426.335473,152.92905444135383,0.8768098554241845,0.5301077548890585,-0.9266188878553814,0.6794598431987954,6.840620994567871
1740865426.3691432,152.80915236319638,0.9321440381954703,0.501946414658886,-0.9304331192536884,0.6913105886468528,6.874291181564331
1740865426.4032917,152.69191139105328,0.983356228298022,0.47192135957792875,-0.9343742421103393,0.7033856005906064,6.908439636230469
1740865426.4373446,152.57995019702253,1.0299865509877613,0.44019028507074015,-0.9384104836693534,0.7156669204312386,6.942492485046387
1740865426.471473,152.47552460009268,1.0717345774852736,0.4069226475912905,-0.9425102579563318,0.7281380078032534,6.97662091255188
1740865426.5054276,152.38043507459,1.10845072142434,0.37229453174605054,-0.9466426564595348,0.7407836221994916,7.010575532913208
1740865426.5398219,152.29597515422535,1.1401239152745277,0.3364838539726751,-0.9507778411996453,0.7535897183698664,7.044969797134399
1740865426.5737243,152.22291773327194,1.166866734849829,0.29966600733458393,-0.9548873500361915,0.7665433531532753,7.078872203826904
1740865426.6076152,152.17370356966006,1.1845614531610529,0.26202159015530146,-0.9589452712194352,0.7794603455609784,7.112763166427612
1740865426.6417637,152.13600905775198,1.197948399375516,0.2237228969542376,-0.9629283585669876,0.7920838960235567,7.14691162109375
1740865426.6761854,152.10768113673475,1.2079173492469475,0.18490934739888662,-0.9668138585326772,0.8044349184928946,7.181333303451538
1740865426.7093055,152.09850057280613,1.211131624320528,0.14571262136336505,-0.9705828479392519,0.8163450404462697,7.214453458786011
1740865426.7434692,152.09643610298383,1.2118533327960084,0.10624849981779584,-0.9742191184631562,0.8275908304917926,7.248617172241211
1740865426.7772317,152.0991533286659,1.2109033467062678,0.06660736121093666,-0.9777050734583153,0.8382248669785568,7.282379627227783
1740865426.8113792,152.11332643375428,1.2059368534484316,0.026865671222878123,-0.9810276591649479,0.8481047107493057,7.3165271282196045
1740865426.8453877,152.1289972914316,1.2004231448609406,-0.012916745039203627,-0.9841756205067108,0.8570815484132182,7.35053563117981
1740865426.8792963,152.14498262261688,1.194774250244294,-0.05269685330431285,-0.9871355690770447,0.8652289631493866,7.384444236755371
1740865426.913763,152.1636899815494,1.1881314999105286,-0.09244567546425174,-0.9898977586221451,0.8724940400243518,7.418910980224609
1740865426.947688,152.18043745848658,1.1821549998458398,-0.13214704172857436,-0.9924533634386866,0.8788445597978239,7.452836036682129
1740865426.9813604,152.1949787615248,1.17694270770527,-0.17179581239457753,-0.9947927345576081,0.8843541141486482,7.486508369445801
1740865427.0159237,152.20873987237226,1.171990038201251,-0.21139747804800363,-0.9969108196723679,0.8889387696229676,7.521071672439575
1740865427.0531542,152.21852476956295,1.1684564301103268,-0.2509655292123962,-0.9988028069791877,0.8925680373648583,7.558302164077759
1740865427.0867116,152.22450589123423,1.166291522157779,-0.290519731972666,-1.0004630989583239,0.8953139063209186,7.591859579086304
1740865427.1208382,152.2267713533823,1.1654705358941704,-0.33008496530676606,-1.001890191071463,0.897133905528006,7.625986099243164
1740865427.1548088,152.22466016365183,1.1662356322410377,-0.369689625703677,-1.003082548304874,0.8980603093650859,7.659956693649292
1740865427.1887805,152.21843240982685,1.1684898307991527,-0.40936431842342325,-1.0040395415005627,0.8981624213804137,7.693928480148315
1740865427.2227237,152.20826969125602,1.1721595821613768,-0.4491400353736987,-1.0047634767391178,0.8974600893667485,7.727871656417847
1740865427.256536,152.19446810662265,1.1771261175884156,-0.48904752488156567,-1.005257841765585,0.8960042712246065,7.761683940887451
1740865427.2908165,152.17747221850976,1.1832152373116849,-0.5291160931542441,-1.0055277503347568,0.8938582020486302,7.795964479446411
1740865427.3251398,152.15778196320113,1.1902331177950025,-0.5693727316274493,-1.0055799757440511,0.8910962363381576,7.83028769493103
1740865427.3587794,152.13581235114734,1.1980178906287653,-0.6098407650410783,-1.0054235192382956,0.8877731038853174,7.863927364349365
1740865427.3927472,152.11229972816525,1.2062972709618438,-0.6505395425353852,-1.0050691100481408,0.883943099844505,7.897895097732544
1740865427.426531,152.087911592158,1.2148291310165475,-0.6914853326428121,-1.0045280177456055,0.8797204704958467,7.931679010391235
1740865427.4605236,152.06277075065356,1.2235660705174527,-0.7326882310709518,-1.0038140969314029,0.8751537278964557,7.965671539306641
1740865427.49441,152.0379132378404,1.232147635439435,-0.7741534710926248,-1.0029424494052603,0.8702901640942956,7.999557971954346
1740865427.5287156,152.01387053818388,1.2403951759419851,-0.8158836341144643,-1.001927979029203,0.8652668203308873,8.033863544464111
1740865427.5627272,151.99040513231043,1.2483956839819847,-0.8578741654146591,-1.0007878000284163,0.8601149103843958,8.067875146865845
1740865427.5973463,151.96872751774254,1.255744443383232,-0.9001164112490908,-0.999539474359844,0.8548735492505443,8.102494239807129
1740865427.6310413,151.94899278324036,1.2623999323370634,-0.9426001036844358,-0.9981999755377906,0.8496836870067749,8.136189222335815
1740865427.665044,151.93071669459297,1.2685345289115484,-0.9853088607226022,-0.9967874844039226,0.8445579691885577,8.170192003250122
1740865427.6990104,151.91506640781637,1.273765915969244,-1.0282239668828568,-0.9953199278871702,0.8395273258675812,8.204158306121826
1740865427.7329645,151.9017611089057,1.2781978079704728,-1.0713263399613062,-0.9938145260417736,0.8347201407451308,8.238112449645996
1740865427.7674763,151.8902334641577,1.2820260777748127,-1.1145932556400795,-0.9922885576683532,0.8301312541362045,8.272624254226685
1740865427.8009236,151.8813871728408,1.2849567074570718,-1.1580017400164049,-0.9907585799332657,0.8257830507174759,8.306071519851685
1740865427.8348823,151.87463119118289,1.2871906842600744,-1.2015297447437563,-0.9892402846465442,0.8217789962334697,8.340030193328857
1740865427.8692975,151.86944899052094,1.2889018312641938,-1.2451544575094018,-0.9877481698538154,0.8180996773746904,8.37444543838501
1740865427.9030917,151.86636045672762,1.2899206550249154,-1.2888545052618452,-0.9862953812313409,0.8147581616703958,8.408239603042603
1740865427.9374833,151.86470267041807,1.2904672064101117,-1.3326104545881123,-0.9848936109332248,0.8118259484423791,8.442631244659424
1740865427.9714322,151.8640855640059,1.2906706038819633,-1.3764042819836,-0.9835522355123448,0.8092744753964126,8.476580142974854
1740865428.005387,151.8646516116106,1.290484036454103,-1.4202203152925321,-0.9822786426430508,0.807106345785693,8.51053500175476
1740865428.0391955,151.8658740855674,1.2900810277493033,-1.46404533253894,-0.9810781019430225,0.8053573953540092,8.5443434715271
1740865428.0769851,151.86755354796134,1.2895271749337964,-1.5078684979430863,-0.979953114797191,0.8040095635631949,8.582133054733276
1740865428.110918,151.86957945344193,1.2888587786436423,-1.5516814382528845,-0.9789037182642661,0.8030555849527192,8.616065979003906
1740865428.1445432,151.8716723867633,1.2881679306262752,-1.5954781362351662,-0.9779274721215937,0.8025011882154673,8.649691104888916
1740865428.1784246,151.8736944101694,1.287500162624845,-1.6392548289242053,-0.9770191717972316,0.8023159599136038,8.68357253074646
1740865428.212565,151.8755278936836,1.2868943817440313,-1.6830097366820267,-0.976171210026432,0.8024788981567328,8.717712879180908
1740865428.246465,151.87707834272115,1.2863819087451498,-1.726742815376577,-0.9753736503493715,0.802970465748688,8.751612901687622
1740865428.2803607,151.87827981795235,1.2859846525330603,-1.7704554851539707,-0.9746143428259794,0.8037638328846316,8.785508632659912
1740865428.314355,151.8790969122963,1.2857144231404365,-1.8141503157700418,-0.9738791561352071,0.8048312168085584,8.819502830505371
1740865428.349024,151.87948644219944,1.2855855792944175,-1.8578307306375776,-0.9731522179928316,0.8061478049611274,8.854171991348267
1740865428.382507,151.87944388121613,1.28559965766864,-1.9015007597852651,-0.9724162501720857,0.8076929701309082,8.887655019760132
1740865428.416285,151.87907922060296,1.2857202746939853,-1.9451648408701154,-0.9716530955826445,0.8094248699579057,8.921432971954346
1740865428.4505806,151.8782693464104,1.2859881153390726,-1.9888276070081343,-0.9708442381491319,0.8113137107545894,8.955728530883789
1740865428.4845612,151.8770711442754,1.2863842884990948,-2.0324937302994823,-0.9699713926626704,0.8133456334523286,8.98970913887024
1740865428.518649,151.87569229976245,1.2868400492449696,-2.0761677620539927,-0.9690174734888399,0.8154687214814764,9.023797035217285
1740865428.5530775,151.873907020158,1.287429930070123,-2.1198540445881844,-0.9679668366208709,0.8176549479528659,9.058225393295288
1740865428.5869517,151.87183717169083,1.2881135228409692,-2.1635566200745573,-0.9668058628982855,0.8198969216639135,9.092099666595459
1740865428.6206408,151.86971585281913,1.2888137655736378,-2.207279043170069,-0.9655241787127475,0.8221381614222087,9.125788688659668
1740865428.6554112,151.8672748093635,1.2896191125581047,-2.2510244420240038,-0.9641142599669106,0.8243570031917042,9.160559177398682
1740865428.6888223,151.8646940102589,1.2904700609928765,-2.294795439119615,-0.9625719414496974,0.8265516702593152,9.193970203399658
1740865428.7224815,151.8621784224152,1.2912990076082893,-2.3385939326441663,-0.960897542063773,0.8286671738144917,9.22762942314148
1740865428.7566352,151.85949876400966,1.2921814773606617,-2.382421280050577,-0.9590949142544489,0.830690507224913,9.261783123016357
1740865428.7912445,151.8568657077376,1.293048056436622,-2.426278207209025,-0.9571718318630598,0.8326243744190868,9.296392440795898
1740865428.8249109,151.85443024931826,1.2938491243091683,-2.4701646175942615,-0.955140653399555,0.8344208249631487,9.330058813095093
1740865428.859273,151.85204361375693,1.2946336879536473,-2.514079866764003,-0.953017189664971,0.8360756986078844,9.364420890808105
1740865428.8930066,151.8498866400061,1.2953423757128333,-2.558022754230766,-0.9508206879995574,0.8375950073398383,9.398154497146606
1740865428.927562,151.84802773686883,1.2959528424543452,-2.6019915081596285,-0.9485735460614717,0.8389420354274393,9.43270993232727
1740865428.9617074,151.8463700984244,1.296496989007047,-2.6459841151563794,-0.9463000714088211,0.8401200563785421,9.46685528755188
1740865428.9950783,151.8450054174815,1.2969448088526871,-2.689998370589611,-0.944025800642201,0.8411373871778187,9.500226259231567
1740865429.0331254,151.8439233593585,1.2972997843104799,-2.7340319394749044,-0.9417765221160371,0.8419709319336779,9.538273334503174
1740865429.0671816,151.84305047100924,1.297586074879084,-2.7780825867528085,-0.9395773685814854,0.8426290812689955,9.5723295211792
1740865429.1010559,151.8423957750305,1.2978007641727718,-2.8221482084853333,-0.9374518325490852,0.8431196776530885,9.60620379447937
1740865429.1350586,151.84190187926802,1.2979627017599826,-2.8662268725539297,-0.9354207702031323,0.8434346021154729,9.640206575393677
1740865429.1689906,151.8415211281411,1.2980875289345988,-2.910316894207136,-0.9335018797888837,0.8435863218107786,9.67413854598999
1740865429.2027984,151.84122388339446,1.2981849712745839,-2.954416804550081,-0.9317088522323401,0.8435851878020657,9.707946300506592
1740865429.2370415,151.84097573659895,1.2982663132095456,-2.998525315844375,-0.9300507722095922,0.8434355948553701,9.742189407348633
1740865429.2713656,151.84075651703012,1.2983381689423652,-3.0426412756904897,-0.9285318667702723,0.843149168051981,9.776513576507568
1740865429.3051221,151.84056112511507,1.2984022113497913,-3.0867635847335526,-0.9271511815170346,0.8427386488208114,9.810270071029663
1740865429.3390253,151.84039313034734,1.2984572716244132,-3.130891112816557,-0.9259024806228815,0.842217732323129,9.844173192977905
1740865429.3726676,151.84026207723724,1.2985002227721871,-3.1750226412735105,-0.9247743094475579,0.8415956369071058,9.87781548500061
1740865429.4066474,151.84019827076986,1.2985211341310445,-3.219156862419521,-0.9237505211694357,0.8408871157457728,9.911795377731323
1740865429.4412236,151.84019974928935,1.2985206495778656,-3.2632924176090783,-0.922810938950584,0.8401111711395297,9.94637155532837
1740865429.4753652,151.84026430250148,1.29849949347844,-3.3074279641006528,-0.9219321032006498,0.8392736602882436,9.980513095855713
1740865429.5093753,151.8404218618977,1.298447855013815,-3.3515622621078482,-0.9210884467962327,0.8383906480820237,10.014523267745972
1740865429.5431483,151.8406232700404,1.2983818428066314,-3.395694261381723,-0.9202533541234142,0.8374824345340363,10.048296213150024
1740865429.5767841,151.84083704495643,1.2983117739476415,-3.4398231817015246,-0.9194002601933444,0.8365512586250462,10.081932067871094
1740865429.611111,151.84108003315524,1.2982321256189597,-3.4839485618881114,-0.9185037520423593,0.835613598614333,10.1162588596344
1740865429.645262,151.84126760843986,1.2981706378186826,-3.528070291701117,-0.9175406228674841,0.8346877427274713,10.150409936904907
1740865429.6795936,151.84136439235897,1.2981389106744525,-3.572188616373168,-0.9164909270419181,0.8337727256968234,10.184741497039795
1740865429.7134428,151.8413775145085,1.2981346089920653,-3.616304093821085,-0.9153386052349929,0.8328788829582745,10.21859073638916
1740865429.747253,151.84125501575244,1.2981747658278193,-3.6604175357720776,-0.9140722313612772,0.8320154027550374,10.252400875091553
1740865429.7812693,151.84099911812172,1.2982586490028252,-3.7045299229265023,-0.912685602770998,0.8311798413867032,10.286417245864868
1740865429.8147707,151.84065820681153,1.2983703918442302,-3.7486422977302847,-0.911177749152575,0.830387839126747,10.319918632507324
1740865429.848664,151.840217789555,1.2985147372527206,-3.7927556575449275,-0.9095533028163815,0.829649782431732,10.353811979293823
1740865429.8830016,151.8398378111942,1.2986392620614002,-3.8368708748485085,-0.9078223287219298,0.8289742724804113,10.388149499893188
1740865429.917265,151.838535905317,1.2990658330321558,-3.8809888349520767,-0.9059940889755677,0.8291162350071932,10.422412872314453
1740865429.951268,151.83464571524217,1.30033968641015,-3.925110184812241,-0.9040866868496521,0.8304298408063583,10.456415891647339
1740865429.9851825,151.82885285977787,1.3022344350351518,-3.969235264610819,-0.9021256203057062,0.8328158133353157,10.490330457687378
1740865430.0194454,151.82170398508038,1.304569204398574,-4.013364208727076,-0.900138634480804,0.8361865226707159,10.524593353271484
1740865430.055716,151.8136369294447,1.3071992111258055,-4.0574969652041135,-0.8981546698963403,0.8404615199778142,10.560863971710205
1740865430.0894063,151.8049965358526,1.3100107193728927,-4.101633325221242,-0.8962028549578847,0.8455669558121979,10.59455418586731
1740865430.1236575,151.79604907022943,1.3129162786406543,-4.145772957702964,-0.8943115935079743,0.8514350420543667,10.62880539894104
1740865430.157738,151.78699540525068,1.3158502880141014,-4.189915445827162,-0.8925077648474448,0.8580035540558185,10.662885904312134
1740865430.1916711,151.77798302311754,1.3187649283447573,-4.234060322800733,-0.8908160480308915,0.8652153703381735,10.696819067001343
1740865430.2256417,151.76911680715693,1.3216265042634592,-4.278207104824646,-0.8892583772084541,0.8730180477319078,10.73078966140747
1740865430.2596254,151.76046856061382,1.3244122301965273,-4.3223553198322495,-0.8878535302024427,0.881363430169416,10.76477336883545
1740865430.293619,151.76114416561467,1.3241948027922101,-4.3665044412074305,-0.8866153010422857,0.8901045021559711,10.798766851425171
1740865430.327958,151.7756625224282,1.3195144247963773,-4.410644162173157,-0.8855419211750754,0.8983402898362013,10.83310604095459
1740865430.3617141,151.79529992802955,1.313159282054066,-4.4547220832645635,-0.8846376977873771,0.9059162487439255,10.866862058639526
1740865430.3956556,151.82425721740506,1.3037357818189599,-4.498637380423657,-0.8839055285995241,0.9128857407834335,10.900803565979004
1740865430.4298735,151.86587900314657,1.2900794063526053,-4.542248567594307,-0.8833440706679877,0.9192968723366901,10.93502140045166
1740865430.463843,151.92256076664552,1.271263288181013,-4.585381108141647,-0.8829481961151869,0.9251923514859548,10.968991041183472
1740865430.49781,151.99549477951138,1.2466644364884414,-4.627836348802374,-0.8827096047131033,0.9306098768439118,11.002957820892334
1740865430.5318663,152.08463273870717,1.2159719237322448,-4.669401508240119,-0.8826175733250328,0.9355865764914588,11.037014245986938
1740865430.5655522,152.18884049716314,1.1791455898397523,-4.709859102507474,-0.8826595943349321,0.9401586172609756,11.07070016860962
1740865430.5998547,152.3061552553588,1.1363504549590286,-4.748994899414885,-0.882821910739431,0.9443592862468654,11.105002641677856
1740865430.6341324,152.4340207004861,1.0879044724242126,-4.786603871712905,-0.8830899894816117,0.9482191697315422,11.139280319213867
1740865430.667942,152.56931699857583,1.0343108173442994,-4.822496009846296,-0.8834489361563876,0.951766332582813,11.173089981079102
1740865430.701488,152.7085013701202,0.9762659326994919,-4.856503172340555,-0.8838838484332979,0.9550264805607992,11.20663595199585
1740865430.7355328,152.8478728999942,0.9146270330835932,-4.888485075944155,-0.8843800647817281,0.958023126678716,11.240680694580078
1740865430.7693758,152.98384478848212,0.8503716735533974,-4.91833380399294,-0.8849233118429054,0.9607777679030968,11.274523735046387
1740865430.8034356,153.1131962753937,0.7845507441770907,-4.945976759524122,-0.8854997707749767,0.9633100632340096,11.308583498001099
1740865430.8373168,153.23327329717077,0.7182396336814247,-4.971378055324707,-0.8860960858063914,0.965638002488216,11.342464685440063
1740865430.8713763,153.34211660062488,0.652492574534477,-4.9945384020566745,-0.886699338573425,0.9677780608946959,11.376524209976196
1740865430.9053776,153.43851150490786,0.5883031471790559,-5.015493625344103,-0.8872970114245354,0.9697453395164263,11.410525560379028
1740865430.9395833,153.52196582950822,0.5265722378053276,-5.034312004207132,-0.8878769595726093,0.9715536928366078,11.44473123550415
1740865430.9736204,153.59263015364627,0.4680838897642494,-5.05109066728374,-0.8884274086784261,0.973215844340851,11.478768348693848
1740865431.0078745,153.65168683378698,0.4129837766125002,-5.065874499869503,-0.888935030706842,0.9752120923118562,11.513022422790527
1740865431.042046,153.69513641741986,0.3672637457331918,-5.078723002441884,-0.8893845080586255,0.9782231742374812,11.547194004058838
1740865431.078627,153.72447420829548,0.33289357935817687,-5.089880727279402,-0.8897614839891176,0.9821759890027612,11.583775043487549
1740865431.112822,153.74197155471896,0.3106039337508965,-5.099636266244333,-0.8900498404015831,0.9869953074561398,11.617969989776611
1740865431.1468048,153.74986662551922,0.30000858071043973,-5.108309627737532,-0.890231762883096,0.9926117236034476,11.651952743530273
1740865431.1808598,153.75002795878703,0.29978818885831554,-5.116242968737882,-0.8902878919898727,0.9989611297335778,11.686007738113403
1740865431.214813,153.7437228874819,0.3082848381996178,-5.123792999626814,-0.8901974775847987,1.005984281508791,11.719960927963257
1740865431.2491672,153.731476207438,0.32415655169784463,-5.131324822407456,-0.8899385057087782,1.0136264307868486,11.75431513786316
1740865431.2827399,153.71302208260192,0.3467125769170796,-5.139206638427423,-0.8894878174051742,1.0218370086046917,11.787887811660767
1740865431.3171813,153.6874118936093,0.37579489004369243,-5.147801833435592,-0.8888215875073251,1.0305693507164106,11.82232928276062
1740865431.351308,153.65318864584302,0.41148747645109424,-5.1574571880092,-0.8879163612981757,1.039780463964152,11.85645604133606
1740865431.3849287,153.60862002885384,0.4538188495220097,-5.168491788694455,-0.8867501770392868,1.0494308173053293,11.890076637268066
1740865431.4189332,153.55199826230705,0.5025357909791024,-5.181187822620989,-0.8853035978240688,1.059484138397502,11.924081087112427
1740865431.4526398,153.48195929175824,0.5570053870375433,-5.195783298722424,-0.883560600123305,1.0699072055911139,11.95778775215149
1740865431.4867387,153.39776879491387,0.6162341508757585,-5.212466768420721,-0.8815092751991909,1.0806696339998008,11.991886615753174
1740865431.5208042,153.29952857393178,0.6789590894978611,-5.231374121020348,-0.8791423102341884,1.0917436582862547,12.025952100753784
1740865431.5546296,153.18827413247405,0.7437641065949075,-5.252587479996539,-0.8764572298708633,1.1031039151381954,12.05977749824524
1740865431.5890746,153.0659554965005,0.8091907605645968,-5.276136135659562,-0.8734563959019201,1.1147272288528307,12.09422254562378
1740865431.6230047,152.93531195791934,0.8738294590424501,-5.3019993392572236,-0.8701467805888516,1.1265924046099425,12.12815260887146
1740865431.6566958,152.79966532297843,0.9363879020051303,-5.3301106792658075,-0.8665395442140308,1.1386800343572154,12.16184377670288
1740865431.6906807,152.66266466600533,0.9957382046671184,-5.360363684589289,-0.862649458216857,1.1509723192258736,12.195828676223755
1740865431.724455,152.52801763954534,1.0509455928971834,-5.392618264382787,-0.8584942203589268,1.1634529106869442,12.229603052139282
1740865431.7587013,152.39923940916233,1.1012819185439895,-5.4267076014354085,-0.8540937085331239,1.1761067709471547,12.263849258422852
1740865431.7929866,152.27944221748533,1.1462272345826063,-5.462445156801309,-0.8494692151859765,1.1889200517052987,12.298134565353394
1740865431.8270345,152.17117904442318,1.1854624480071807,-5.499631504170241,-0.8446426971273507,1.201879989441849,12.33218240737915
1740865431.8607697,152.07634600326386,1.2188556702067321,-5.5380607796555505,-0.8396360690554457,1.214974814890911,12.365917682647705
1740865431.895289,151.99614124305052,1.2464443811002899,-5.577526595115085,-0.8344705612287441,1.228193674187458,12.400436878204346
1740865431.9289265,151.93107358349104,1.2684149987164668,-5.617827314853929,-0.8291661550527109,1.2415265593076075,12.434074401855469
1740865431.9629242,151.88101162664728,1.2850809825219565,-5.658770634902172,-0.8237411072757566,1.2549642457281243,12.468072175979614
1740865431.997251,151.84526313754375,1.2968602490212657,-5.700177431732786,-0.8182115685470449,1.268498235632105,12.50239896774292
1740865432.0346801,151.82267456851662,1.3042524459415261,-5.741884866662913,-0.8125912984760097,1.2821207054071775,12.539828062057495
1740865432.0688212,151.81174129200244,1.3078165134996995,-5.783748746809343,-0.8068914786624628,1.295824456568693,12.57396912574768
1740865432.1030688,151.81072015141697,1.3081489298420574,-5.825645155717833,-0.8011206211421108,1.3096028695624762,12.608216762542725
1740865432.137205,151.8177372672757,1.3058630387702426,-5.867471379070815,-0.7952845671391134,1.323449860146736,12.642352819442749
1740865432.1711297,151.8308855267126,1.3015698735321475,-5.909146163896302,-0.7893865701375194,1.337359838220841,12.67627763748169
1740865432.2052786,151.84830778941273,1.29586088979514,-5.950609362947251,-0.7834274534957097,1.3513276690681624,12.710426568984985
1740865432.239303,151.86826352606042,1.2892929721664999,-5.991821028914252,-0.7774058314438633,1.3653486370245833,12.74445104598999
1740865432.272664,151.8891781789939,1.282376002575723,-6.032760034416863,-0.7713183815160802,1.3794184115883514,12.777812004089355
1740865432.3068526,151.9096759072913,1.2755631725082972,-6.073422302292012,-0.7651601546647957,1.3935330159653312,12.812000513076782
1740865432.341024,151.92859747738015,1.2692440874195536,-6.113818735894209,-0.7589249096999561,1.4076887980090311,12.846171855926514
1740865432.3749807,151.94500574972798,1.2637405903395815,-6.1539729403509575,-0.7526054588415155,1.421882403476997,12.880128622055054
1740865432.4091895,151.9581815210126,1.2593051244680729,-6.1939188235465155,-0.7461940120008547,1.436110751491275,12.914337396621704
1740865432.4430544,151.96761246389866,1.2561213667884745,-6.233698160274675,-0.7396825090346473,1.450371012064897,12.94820237159729
1740865432.4771297,151.97297759553763,1.2543068164267246,-6.27335819503544,-0.7330629298642384,1.4646605855402988,12.982277631759644
1740865432.51105,151.9741292319491,1.253917000941564,-6.3129493497088305,-0.7263275748699847,1.4789770837793101,13.016197919845581
1740865432.5450797,151.9710738479973,1.254950965620613,-6.352523091963936,-0.7194693096560445,1.4933183129463106,13.050227642059326
1740865432.5786607,151.96395273996225,1.2573577301787124,-6.392130009277194,-0.7124817687745589,1.5076822577344027,13.083808660507202
1740865432.6130836,151.98834824914812,1.2490947002835588,-6.431810114920736,-0.7053677554623504,1.5214279778319917,13.118231534957886
1740865432.6472046,152.00910996227233,1.2420221725974157,-6.471568603882786,-0.6981360590329695,1.5340536473940436,13.152352571487427
1740865432.681049,152.03144614715848,1.2343711410221354,-6.511360666806229,-0.6908004666327534,1.545650515333634,13.18619704246521
1740865432.7147439,152.05978004937367,1.224601521835653,-6.551093610223934,-0.6833858468374987,1.5563024114258288,13.219891786575317
1740865432.7501647,152.09773144693216,1.21140054648322,-6.590634395654964,-0.6759267465503515,1.5660863931265614,13.25531268119812
1740865432.7828448,152.14808953245907,1.1936734245384468,-6.6298165903873425,-0.6684660852599216,1.5750733293515553,13.287992715835571
1740865432.817162,152.21271860715825,1.170554411413094,-6.668446976552502,-0.6610538802128341,1.583328420616497,13.322309970855713
1740865432.8513253,152.29231916403927,1.1414762125696538,-6.7063135141425105,-0.6537455781665299,1.5909116574109887,13.356473207473755
1740865432.8851593,152.38634308003338,1.1062031375172414,-6.743195275055101,-0.6465997952819957,1.597878219960931,13.390307188034058
1740865432.9190218,152.4931226696265,1.0648081076134164,-6.778872396604737,-0.6396758960984573,1.6042788297587216,13.424169778823853
1740865432.9530752,152.61008121065413,1.0176379605282848,-6.813135108011132,-0.6330316469430913,1.6101600644045868,13.458223104476929
1740865432.9875255,152.73399128277137,0.9652748745087308,-6.845791645362525,-0.6267210103044716,1.61556464654292,13.492673397064209
1740865433.0211627,152.8612595843089,0.908495450738563,-6.8766749145281,-0.6207921354564035,1.620531717820176,13.526310682296753
1740865433.0593119,152.9882175524135,0.8482273885188554,-6.905647775385471,-0.6152856123876589,1.6250971062423492,13.564459800720215
1740865433.093396,153.1113962645289,0.7855033402284002,-6.932606847626017,-0.6102330538413103,1.6292935896539547,13.598543882369995
1740865433.1267526,153.22776223263313,0.7214129040990668,-6.957484783792768,-0.6056560559910364,1.6331511528875677,13.631900548934937
1740865433.1610572,153.3348929689326,0.657055164602871,-6.980251020434615,-0.6015655760402266,1.6366972342545885,13.666205167770386
1740865433.1953611,153.43107918995355,0.5934945533504284,-7.000911090539406,-0.597961741688985,1.6399569577344675,13.700509071350098
1740865433.2290244,153.51535122420748,0.5317223242227972,-7.019504650548556,-0.5948340822261429,1.6429533484569505,13.734172344207764
1740865433.263389,153.58743723351364,0.47262514417977564,-7.036102432878743,-0.5921621485427081,1.6457075299797042,13.768537044525146
1740865433.2974184,153.64766818802744,0.4169615316864301,-7.050802371243897,-0.5899164705427322,1.6482389025852318,13.802566289901733
1740865433.3312368,153.69684844465795,0.3653462072619554,-7.063725158694251,-0.5880597886670927,1.6505653025813878,13.836384773254395
1740865433.365501,153.85923085400717,0.023650066495147108,-7.071797457277469,-0.5868405122405035,1.6520889788833493,13.870648860931396
1740865433.3993857,153.859294434224,0.022527011940733345,-7.071721199028809,-0.5866258959363122,1.6522814098085459,13.904533624649048
1740865433.4333885,153.85526532254562,0.061601321492455,-7.070252809917605,-0.5867010966530718,1.6524580878309125,13.938536405563354
1740865433.467373,153.84860310836956,0.09608740205163609,-7.067551119017193,-0.5870397174855068,1.652620314366152,13.97252082824707
1740865433.5016243,153.84078050657965,0.1249834479321884,-7.063797273438279,-0.5876110462347296,1.6527692749299718,14.00677227973938
1740865433.5355852,153.83311709066155,0.14792354546004668,-7.059186832298524,-0.5883811119450458,1.6529060528753456,14.040733098983765
1740865433.5696445,153.82666216437408,0.16479164209431882,-7.053922243566473,-0.5893136979700252,1.6530316415201094,14.074792385101318
1740865433.603856,153.82213039381242,0.17567141889303156,-7.048205979280475,-0.5903712989992186,1.653146954423489,14.109004020690918
1740865433.6382647,153.81988655544558,0.18081690439777207,-7.042234439039878,-0.5915160433801602,1.6532528337611516,14.143412590026855
1740865433.6723528,153.81997116009015,0.18062554346533788,-7.0361926908615615,-0.5927105888640736,1.653350056777962,14.17750072479248
1740865433.705699,153.82215610118678,0.17561159681519953,-7.030250090429072,-0.5939189875804345,1.6534393403415235,14.210846900939941
1740865433.7395284,153.82601861051637,0.1663798963471646,-7.024556800310697,-0.5951075084334299,1.653521343914158,14.244676351547241
1740865433.7734265,153.8310223335688,0.1536002406004749,-7.0192412148672645,-0.596245400714723,1.6535966716865484,14.278574466705322
1740865433.8078897,153.83659581799674,0.13798262346263668,-7.014408278667169,-0.5973055727537105,1.6536658748356914,14.313037633895874
1740865433.8415565,153.84220231772503,0.12024802812212455,-7.0101386765075935,-0.5982651589296737,1.653729609562965,14.346704483032227
1740865433.876027,153.84739187943194,0.10110250926079563,-7.006488995134824,-0.5991059257936331,1.653791645604501,14.38117504119873
1740865433.9096868,153.85182433455606,0.08125963202083825,-7.003492126037233,-0.5998146232283714,1.6538528168188886,14.41483473777771
1740865433.9436102,153.8553007607878,0.0613661428769709,-7.001158737379954,-0.6003830958551601,1.6539128558102016,14.448758125305176
1740865433.9780014,153.85775275575162,0.04201305530551203,-6.999479299544038,-0.6008082247632269,1.6539721049193656,14.483149290084839
1740865434.0119436,153.85922524320057,0.02374662393604152,-6.998426431438516,-0.6010917278866064,1.65403138128276,14.517091512680054
1740865434.045735,153.85985008445977,0.0073678755552931165,-6.997957546057504,-0.6012398123036207,1.6540918085761185,14.550882816314697
1740865434.0818865,153.8598115100533,0.009259775305090617,-6.99801763916584,-0.6012627046071957,1.6541536063526456,14.587034463882446
1740865434.116129,153.8591685639864,0.024700877236444284,-6.998539702757596,-0.6011737830191999,1.654048931292132,14.62127685546875
1740865434.149732,153.85796903986855,0.03985781375042826,-6.999489507662292,-0.6009717366324097,1.653674558525113,14.654880046844482
1740865434.1840305,153.85607029220253,0.05601652827656347,-7.000887719357032,-0.6006301891094021,1.6530520287309947,14.689178466796875
1740865434.2186282,153.8531457213705,0.07432747968986268,-7.002796993509048,-0.6001016953845637,1.6522031322643422,14.72377610206604
1740865434.251999,153.84865354445913,0.09587288973606896,-7.005312377897691,-0.5993217247893895,1.6511452561671032,14.757146835327148
1740865434.2855043,153.84188313886935,0.12132713015109939,-7.008552313416496,-0.5982127049571768,1.6498932517918237,14.79065227508545
1740865434.3198223,153.8319424318305,0.15113301466778065,-7.0126519226620765,-0.5966872230159884,1.6484831032412017,14.824970245361328
1740865434.3539808,153.81763783270569,0.18583113295052944,-7.017752956754621,-0.5946530127783067,1.646936387387424,14.859128713607788
1740865434.3878832,153.79772069459617,0.22543986887200937,-7.023997854744045,-0.5920161611301856,1.6452665229604215,14.893031120300293
1740865434.421822,153.84205617971566,0.12074329641943496,-7.030812121317657,-0.5887695159140148,1.6435661953765763,14.9269700050354
1740865434.4559836,153.83259482050624,0.14935901630865744,-7.033805962357879,-0.5853832182268215,1.642176334443918,14.961131572723389
1740865434.489941,153.8184350400698,0.18406909087721085,-7.037625749287126,-0.5812386089654582,1.6408593641957248,14.995088815689087
1740865434.524295,153.79225671657312,0.235146732051613,-7.042570215379982,-0.5762416550436,1.639603775109584,15.02944302558899
1740865434.5580685,153.75769260289925,0.28912548098815277,-7.049097161214757,-0.5702842447993983,1.63830570655633,15.0632164478302
1740865434.5919511,153.71424323830277,0.3452651865871662,-7.057258521032582,-0.5633269871779845,1.6369726134786255,15.09709906578064
1740865434.6263177,153.6616726472836,0.402931321562822,-7.067102755149105,-0.5553430548142811,1.6356414052380934,15.131465673446655
1740865434.660337,153.60017380665738,0.4614082699332434,-7.0786626378742294,-0.54632400339868,1.6343196525339596,15.16548490524292
1740865434.6940126,153.53020694345096,0.5200854879779317,-7.0919564849020125,-0.5362772598124981,1.6330119573907804,15.1991605758667
1740865434.7278426,153.4526329372075,0.5783133860703197,-7.106991391522958,-0.5252224697988576,1.6317525252859422,15.232990503311157
1740865434.7624564,153.3687862174402,0.6353698586529093,-7.123752884169086,-0.5131958103325672,1.6305438940582746,15.267604351043701
1740865434.7959788,153.2800448858488,0.6907366878905673,-7.142209633386878,-0.5002455410091681,1.629388401563378,15.301126718521118
1740865434.8306694,153.18809850196,0.7438620562032852,-7.1623180190738305,-0.48642795854786086,1.6283152274827974,15.335817337036133
1740865434.8642468,153.094860450294,0.7942024705579274,-7.18401475451831,-0.47180985688017374,1.6273225598136682,15.369394779205322
1740865434.8982816,153.00197482587686,0.841446750707522,-7.207223402250033,-0.4564637132039871,1.6264106988230895,15.403429508209229
1740865434.9323342,152.91118327494502,0.8852684301557134,-7.2318588467153955,-0.4404643050760644,1.6256014272273906,15.437482118606567
1740865434.9662867,152.8241282653536,0.9254067947951092,-7.25782325345526,-0.4238894911345346,1.6248896264503045,15.471434593200684
1740865435.0004768,152.74200706410315,0.961793679350517,-7.285012307816561,-0.4068163489721685,1.6242736364588097,15.505624771118164
1740865435.0370367,152.6659265233759,0.9943645567466359,-7.31331870141987,-0.3893188769508825,1.6237666939020852,15.542184591293335
1740865435.0716267,152.59671278342935,1.0231342692812428,-7.342630795181453,-0.371467771592963,1.6233617318077311,15.576774597167969
1740865435.105703,152.53476722058727,1.0482441276235275,-7.372837287192765,-0.35332802788896667,1.6230563381678518,15.610851049423218
1740865435.1394603,152.4803375459588,1.069844465624145,-7.403829234919402,-0.33495775404812733,1.6228544244385519,15.64460825920105
1740865435.1733863,152.43338330513808,1.088151025318519,-7.435500430398672,-0.31640767325124813,1.6227479628301773,15.678534269332886
1740865435.2077127,152.39359726669662,1.1034375054964989,-7.4677499525582185,-0.29772011069542464,1.6227320994820074,15.712860584259033
1740865435.2414513,152.36053613780402,1.115989396872556,-7.5004832133601465,-0.278928575019316,1.622803837974405,15.746599197387695
1740865435.2753468,152.33359584983,1.1261196878103907,-7.533612532996031,-0.26005759238376647,1.6229561036820834,15.780494689941406
1740865435.3098357,152.31285468403289,1.1338607185875755,-7.567055515392078,-0.2411238535072816,1.6231458783976818,15.814983606338501
1740865435.3437333,152.30122598725825,1.1381790602895157,-7.600714645741368,-0.22215117614370858,1.623320477973905,15.848881244659424
1740865435.3776965,152.30232640875573,1.1377710782893395,-7.634456253468924,-0.20318731626575634,1.6234808507102758,15.8828444480896
1740865435.4116478,152.31897879655781,1.1315802707937488,-7.668113912964365,-0.18430335204551457,1.6236281558175005,15.91679573059082
1740865435.4454231,152.35313774814767,1.1187800214934165,-7.70149607475608,-0.1655905907869613,1.6237634595803125,15.950571060180664
1740865435.4797227,152.40568420540274,1.0988147828027368,-7.734393527471146,-0.14715717663212077,1.6238877431171508,15.984870672225952
1740865435.513702,152.47618266505924,1.0714763327704735,-7.7665887608367665,-0.1291227709470551,1.6240019093265325,16.018849849700928
1740865435.5475802,152.562969108336,1.0368841661086323,-7.797865661398428,-0.1116120879878465,1.6241067890871699,16.052728176116943
1740865435.5816903,152.66336047747248,0.9954453333827563,-7.828017806576379,-0.0947483268111855,1.6242031466865006,16.086838245391846
1740865435.6154308,152.77392122419667,0.9478121493488757,-7.8568554751792155,-0.07864717977853168,1.6242916843956874,16.12057876586914
1740865435.649607,152.8907651273567,0.8948381573679338,-7.8842115036771965,-0.0634117838018013,1.6243730463569437,16.154754877090454
1740865435.683473,153.00986856845765,0.8375321476049971,-7.909945974701357,-0.04912872913260709,1.624447822260691,16.188621044158936
1740865435.7172282,153.1273695516184,0.777010397930773,-7.933949699116822,-0.03586519034293459,1.6245165512451984,16.222376108169556
1740865435.7513418,153.23982706954453,0.714448086141092,-7.956146454266479,-0.023667197910819605,1.6245797260722425,16.256489753723145
1740865435.7854764,153.34441920306872,0.651031627496211,-7.976493966140699,-0.012559017352894964,1.6246377973291766,16.290624380111694
1740865435.8198082,153.43906586633938,0.5879141265157902,-7.994983667550691,-0.0025435497160579885,1.6246911773977593,16.32495617866516
1740865435.8542051,153.52247202566792,0.5261760716758415,-8.011639318401595,0.006396381169972278,1.6247402440740484,16.359353065490723
1740865435.8875813,153.5940973014054,0.46679295111223973,-8.026514626678663,0.014296026294314701,1.6247853438334279,16.39272928237915
1740865435.9218798,153.6540660497647,0.41061079482155466,-8.039690049974503,0.021206186423170955,1.6248267947665356,16.427027702331543
1740865435.9560437,153.70303700998124,0.3583299138354007,-8.051268981238529,0.027190360174558444,1.6248648892075894,16.461191654205322
1740865435.9899638,153.74205301497048,0.3104964465755759,-8.061373527491245,0.03232174840491547,1.6248998960718615,16.49511170387268
1740865436.023551,153.7723895547596,0.26750083025233234,-8.070140079103249,0.03668027389144893,1.6249320629219286,16.528698921203613
1740865436.0627196,153.79541713470968,0.22958201900332692,-8.077714844914478,0.040349744571789886,1.6249616177886137,16.567867517471313
1740865436.0965486,153.81248751893025,0.19683613546086387,-8.084249500608124,0.04341525616299178,1.6249887707775064,16.601696491241455
1740865436.1306496,153.82484907145488,0.16922820073405923,-8.089897069180589,0.04596089943371829,1.625013715493746,16.63579750061035
1740865436.1647182,153.83359216982768,0.14660560203389805,-8.09480812627762,0.04806781087724438,1.625036630316436,16.66986608505249
1740865436.1986887,153.83962240772667,0.12871211388433507,-8.09912740105566,0.049812583824899684,1.6250576795504665,16.703836679458618
1740865436.232671,153.84365711025595,0.11520184055846985,-8.10299082508701,0.05126603999513273,1.6250770144787718,16.737818956375122
1740865436.2664723,153.84623948417322,0.10565356233741686,-8.106523066756367,0.05249234842567098,1.6250947743329311,16.771620273590088
1740865436.3004563,153.8477643650534,0.09958708526005809,-8.109835575338886,0.053548468876611,1.625111087195241,16.805604219436646
1740865436.3345573,153.8485098279023,0.09648288299551257,-8.11302514635842,0.05448388941463189,1.6251260708413253,16.839705228805542
1740865436.368867,153.84866971899717,0.09580399540531838,-8.11617300715324,0.055340622502707264,1.6251398335291185,16.874014854431152
1740865436.4029384,153.8483832726792,0.09701686507880639,-8.119344408605407,0.056153420258735376,1.6251524747378414,16.90808629989624
1740865436.436646,153.84775923399445,0.09960811689005625,-8.122588695990045,0.05695016750652461,1.6251640858591052,16.94179391860962
1740865436.471335,153.84689316612204,0.10309665796704377,-8.12593981949627,0.05775241079453515,1.6251747508415681,16.97648286819458
1740865436.505128,153.8458777516013,0.10704228662188255,-8.129417233940037,0.058575982663605225,1.6251845467903143,17.010275840759277
1740865436.5394907,153.84480680121317,0.11105214917141058,-8.133027128271202,0.059431682998943344,1.6251935445222399,17.044638633728027
1740865436.573504,153.8437743062587,0.11478568910311948,-8.136763919219453,0.060325983106303986,1.6252018090790186,17.078651905059814
1740865436.6076374,153.84287019335778,0.11795815066798435,-8.140611940099568,0.06126172292509641,1.6252094001995745,17.11278533935547
1740865436.6415381,153.84217448856307,0.1203424992369696,-8.144547255390922,0.06223877719443034,1.625216372754301,17.14668607711792
1740865436.67577,153.84175142142328,0.12176966728587454,-8.148539533962097,0.06325467206759182,1.625222777143517,17.180917978286743
1740865436.7097845,153.8416446683765,0.12212715606794579,-8.152553918308833,0.06430513929291848,1.6252286596628094,17.214932441711426
1740865436.7435334,153.84187452175166,0.12135613071896291,-8.156552833414077,0.06538460036037505,1.6252340628378945,17.24868130683899
1740865436.777873,153.8424373431873,0.11944721716725457,-8.160497686320822,0.06648657773430312,1.6252390257316216,17.283020973205566
1740865436.81182,153.84330727314082,0.1164352465359788,-8.16435041577459,0.067604034304447,1.6252435842255633,17.316967964172363
1740865436.846097,153.84443985965976,0.11239320656383855,-8.168074859954737,0.06872964540569387,1.6252477712784714,17.351244926452637
1740865436.8796406,153.84577706091605,0.10742565824541839,-8.1716379190531,0.06985601015501444,1.625251617163655,17.384788513183594
1740865436.914113,153.84725297261127,0.101661864784264,-8.175010498016011,0.07097581045097383,1.6252551496871277,17.41926097869873
1740865436.9478788,153.84879962566265,0.09524886207355342,-8.178168222924343,0.07208192683173839,1.6252583943881753,17.45302677154541
1740865436.98209,153.85035227435318,0.08834467680536291,-8.18109193206039,0.07316752057311975,1.6252613747237832,17.48723793029785
1740865437.0160031,153.85185372719997,0.08111187076185775,-8.183767949536708,0.07422609102884843,1.6252641122382547,17.521151065826416
1740865437.0499034,153.85325743661525,0.0737115584617703,-8.186188155300517,0.07525151638262068,1.6252666267191622,17.55505132675171
1740865437.086156,153.8545292343504,0.06629801089734069,-8.188349870266457,0.07623808481252417,1.625268936340715,17.591303825378418
1740865437.120183,153.85564775657156,0.05901392186879861,-8.190255579192533,0.07718052167977951,1.6252710577955063,17.625330924987793
1740865437.1543868,153.85660372942058,0.051986377607400075,-8.19191251666475,0.07807401685613422,1.6252730064155467,17.659534692764282
1740865437.1882548,153.85739837354288,0.045323538903771346,-8.193332143203168,0.0789142547982186,1.6252747962834124,17.693402767181396
1740865437.2224412,153.85804123108895,0.03911202488482008,-8.194529539098786,0.07969744854940436,1.6252764403342967,17.72758913040161
1740865437.2563555,153.85854772345283,0.03341499112102676,-8.1955227432272,0.08042037757070032,1.6252779504496877,17.76150345802307
1740865437.2903872,153.8589367190952,0.028270940982025525,-8.196332062880428,0.08108042822514168,1.6252793375433536,17.79553508758545
1740865437.3243387,153.85922833748953,0.02369342237967226,-8.196979378752927,0.08167563490075362,1.6252806116402654,17.82948660850525
1740865437.3585851,153.8594421478845,0.019671960978020958,-8.197487466759258,0.08220471917466003,1.6252817819490464,17.863733053207397
1740865437.3924878,153.85959585020748,0.016174856535564903,-8.197879355498507,0.08266712409925744,1.6252828569284876,17.89763569831848
1740865437.4265413,153.8597044586123,0.01315477355997095,-8.198177735057085,0.08306304062119335,1.6252838443486242,17.931689262390137
1740865437.4607658,153.8597799523318,0.010558388778868102,-8.198404429587718,0.08339342330444421,1.6252847513468291,17.965913772583008
1740865437.4945388,153.859831317591,0.008342067503732549,-8.198579942835929,0.08365999289038012,1.6252855844793388,17.99968671798706
1740865437.528856,153.85986487984528,0.006497691001895987,-8.198723082595324,0.08386522383167769,1.6252863497685899,18.034003973007202
1740865437.5628655,153.8598848173445,0.00509521480344626,-8.198850666995996,0.0840123159730384,1.6252870527467076,18.068013429641724
1740865437.59667,153.85989375246922,0.004321438059410434,-8.198977312842695,0.08410514953127157,1.625287698495465,18.101817846298218
1740865437.63076,153.85989333158975,0.004360968112159129,-8.199115303788874,0.08414822298328681,1.6252882916829958,18.135907888412476
1740865437.6649518,153.85988472716005,0.005102426629460138,-8.199274533609971,0.08414657556178025,1.6252888365975267,18.17009973526001
1740865437.6987038,153.85986901997285,0.00623247515095078,-8.19946251859507,0.08410569520987697,1.6252893371783603,18.2038516998291
1740865437.7324088,153.85984744342664,0.007512613315472613,-8.199684471970334,0.08403141320631133,1.6252897970443438,18.23755669593811
1740865437.7665582,153.85982149368928,0.00880917761086404,-8.199943431491665,0.08392978876693656,1.6252902195200207,18.271706104278564
1740865437.8003979,153.8597929245588,0.010044916203593128,-8.200240431421625,0.08380698666886631,1.625290607659648,18.305545806884766
1740865437.834363,153.8597636569795,0.011170004433047553,-8.20057471000987,0.08366915132145432,1.6252909642692634,18.339510917663574
1740865437.868501,153.85973563765546,0.012149894792289534,-8.200943942719162,0.08352228124577327,1.6252912919269562,18.37364888191223
1740865437.902447,153.85971067951684,0.012960500530237416,-8.20134449252067,0.08337210788696423,1.6252915930014942,18.407594919204712
1740865437.9369433,153.8596903133735,0.01358618188588107,-8.201771669130334,0.08322398261698112,1.6252918696694356,18.44209122657776
1740865437.9706783,153.85967567248335,0.014018733977642136,-8.202219988932569,0.08308277507563049,1.6252921239308606,18.475826263427734
1740865438.006723,153.85876618431644,0.030632564677251003,-8.202684873793183,0.08295284542639361,1.6256749978772793,18.511870861053467
1740865438.0400007,153.8552192680432,0.06190561883389612,-8.203184340445786,0.08282979891418892,1.6271941785631394,18.545148611068726
1740865438.0741045,153.849498000491,0.09220729654015741,-8.203787450012754,0.08268627066214457,1.6297808888779148,18.57925248146057
1740865438.1084316,153.8419360530893,0.121148897524665,-8.204609981331293,0.08247229251974393,1.6333480730674679,18.613579511642456
1740865438.1426003,153.83256344429574,0.14944481648903252,-8.20580397776354,0.0821174940267024,1.6378156900183587,18.647748231887817
1740865438.176437,153.82102287935817,0.1782296399554944,-8.207548819257807,0.08153335184140108,1.6431101196960782,18.68158483505249
1740865438.210368,153.8065161264703,0.20887334752047831,-8.210042937112535,0.08061577112567128,1.6491636337462454,18.715515851974487
1740865438.244714,153.78782256893678,0.24274013496971203,-8.21349384623659,0.07924906013392881,1.655913930941791,18.7498619556427
1740865438.2785773,153.76339568912815,0.28093073566220367,-8.218107086072795,0.07731113187367354,1.6633037324665263,18.783725261688232
1740865438.3124464,153.73152150643813,0.324099266713286,-8.224076364847063,0.07467881583562498,1.6712804230486844,18.817594289779663
1740865438.3467402,153.69051745985442,0.3723883218934586,-8.231575413577406,0.07123288557229995,1.6797957245648798,18.851888179779053
1740865438.3804696,153.63894338177636,0.42547086322352307,-8.240751548458228,0.06686264070059714,1.6888053897238358,18.88561749458313
1740865438.4144006,153.5757976962507,0.482650743141934,-8.251720925875317,0.06146989777089003,1.698268905690532,18.919548511505127
1740865438.4486809,153.50067518732592,0.5429771934022133,-8.264565460033209,0.054972258854242555,1.7081492028119925,18.953828811645508
1740865438.4826558,153.41386613000304,0.6053498546284466,-8.279331344540859,0.04730555199284715,1.718412369405586,18.98780369758606
1740865438.5167024,153.3163831099302,0.668607294916303,-8.29602907746236,0.03842537742662354,1.7290273766748974,19.02185034751892
1740865438.550332,153.20991263210072,0.731598591396904,-8.31463483583319,0.028307740663541747,1.739965817984527,19.055480003356934
1740865438.584381,153.0967004365354,0.7932390721375192,-8.335092994645223,0.016948805372487025,1.7512016656868095,19.089529037475586
1740865438.6183763,152.97938857004223,0.8525515198193058,-8.357319548183161,0.004363847588718151,1.7627110476455954,19.12352418899536
1740865438.6522853,152.86082682698114,0.9086942916469567,-8.381206172268895,-0.009414467323453485,1.7744720446885858,19.15743327140808
1740865438.6866693,152.74388098676062,0.9609781063608257,-8.40662466828791,-0.02433833961833842,1.7864645092780789,19.19181728363037
1740865438.720296,152.63125635244532,1.0088735828507582,-8.433431544630526,-0.040347486347874176,1.7986699047331212,19.225443840026855
1740865438.7542415,152.52534771463888,1.0520123884251527,-8.461472463299915,-0.05737220894848371,1.8110711634705907,19.259389400482178
1740865438.7882717,152.4281274122867,1.0901820603063632,-8.490586390679956,-0.07533676887078097,1.823652562239071,19.29341959953308
1740865438.8222861,152.34107543232753,1.1233158081227341,-8.520609512247715,-0.09416259000631462,1.8363996121437234,19.327434062957764
1740865438.8563375,152.26514840379943,1.1514793929943983,-8.551378893596128,-0.11377109512262308,1.8492989611004917,19.361485481262207
1740865438.8903136,152.20078359161994,1.1748559207073064,-8.58273584460186,-0.13408611182836874,1.862338306500869,19.395461559295654
1740865438.9246538,152.14793230524523,1.1937291553963636,-8.6145289556336,-0.15503580373030104,1.8755063161731316,19.42980170249939
1740865438.958601,152.1061161857215,1.2084658312392953,-8.646616774669216,-0.17655411565563842,1.8887925560790264,19.463748931884766
1740865438.9930153,152.0744996200004,1.2194973350158318,-8.678870096183378,-0.1985817439405786,1.9021874235427407,19.4981632232666
1740865439.0266507,152.05197170044613,1.2273011106440082,-8.711173836145724,-0.22106665865322275,1.91568208513506,19.531798601150513
1740865439.062316,152.03723161957356,1.2323821648769555,-8.74342847233111,-0.24396421756778325,1.9292684186088154,19.567463874816895
1740865439.096136,152.0288720971865,1.235255108200406,-8.775551036112347,-0.26723692210853156,1.9429389584935683,19.60128402709961
1740865439.1303673,152.02545633575045,1.2364272214915644,-8.807475651162786,-0.29085387338950663,1.9566868451084298,19.635515213012695
1740865439.164271,152.0255850475619,1.236383073021531,-8.839153625684805,-0.3147899917632951,1.9705057768482257,19.669419050216675
1740865439.1981776,152.02795123630256,1.2355712023030228,-8.870553117123052,-0.3390250657934487,1.9843899656496424,19.703325510025024
1740865439.2323427,152.03138156944718,1.2343933251930927,-8.901658400798174,-0.3635426962024858,1.9983340955615463,19.7374906539917
1740865439.2660463,152.03486425964746,1.2331963966359163,-8.93246878544324,-0.38832919721567943,2.0123332843382924,19.771194219589233
1740865439.3004525,152.03756429944985,1.2322677024548774,-8.962997228312883,-0.41337251211577836,2.0263830479562386,19.80560040473938
1740865439.3348126,152.03882760036655,1.231832958532505,-8.99326870969446,-0.43866119221852934,2.0404792679299057,19.83996057510376
1740865439.3688207,152.038176039921,1.232057200057839,-9.0233184309318,-0.46418347946356986,2.0546181612810064,19.873968601226807
1740865439.4025445,152.03529561763332,1.233048072383468,-9.053189901433687,-0.48992652302192385,2.0687962529950052,19.907692432403564
1740865439.4364748,152.03001989161055,1.234861011382021,-9.08293297879305,-0.515875750353355,2.0830103507878497,19.941622734069824
1740865439.470906,152.02231066133766,1.237505738975055,-9.112601922469954,-0.5420144035268276,2.0972575220006324,19.976053953170776
1740865439.5051274,152.01223727327516,1.240953592243583,-9.142253516132115,-0.568323243358172,2.111535072441791,20.01027536392212
1740865439.5383377,151.9999493568874,1.2451473686031773,-9.171945315106703,-0.5947804562952345,2.125840527003061,20.043485641479492
1740865439.5722165,151.98564593740386,1.250012507331847,-9.20173406275799,-0.6213619018933068,2.140171611886134,20.077364444732666
1740865439.6063282,151.9726206653457,1.2544276102445597,-9.231673550846292,-0.6480413090131538,2.154481406904297,20.111476182937622
1740865439.6409595,151.95843670280604,1.2592190771509897,-9.261813297690246,-0.6747912699381542,2.1686965191213305,20.14610743522644
1740865439.6745136,151.9426950038551,1.2645169841537742,-9.292199195207008,-0.701584758146732,2.1828234560506585,20.179661512374878
1740865439.7086942,151.9390740618538,1.265732703907146,-9.322865824788803,-0.7283950460708106,2.1966549367921075,20.213842153549194
1740865439.7427833,151.9345422154113,1.2672527294484588,-9.353839062803932,-0.7551972072054305,2.2099231601645357,20.247931241989136
1740865439.7768204,151.92770840232993,1.269541658732629,-9.385146245245203,-0.7819686282341,2.2226723458519952,20.281968355178833
1740865439.8107107,151.9307068967039,1.2685378102994664,-9.416800886828954,-0.8086900995406117,2.2347312393783243,20.315858602523804
1740865439.8449442,151.9309259785112,1.2684644362447242,-9.448808310857416,-0.8353457806007096,2.2458958211250777,20.35009217262268
1740865439.8789582,151.92833371782254,1.2693323738803226,-9.481176269853867,-0.8619216208890296,2.256238169153005,20.384106159210205
1740865439.913072,151.92923294041378,1.2690313597211675,-9.513900751571926,-0.8884082179044852,2.2656768852721676,20.418220043182373
1740865439.947172,151.92730070166303,1.2696780935111545,-9.546972437994103,-0.9147995746126983,2.274157365788383,20.452319860458374
1740865439.9813638,151.92365568355265,1.2708972740524633,-9.580380565486063,-0.9410921939155696,2.281756444314117,20.486511707305908
1740865440.0151134,151.9230449046302,1.2711014602634938,-9.614102621942068,-0.9672881435991396,2.28834794337122,20.52026128768921
1740865440.049247,151.92010442351068,1.2720840505716926,-9.648113601097014,-0.9933923817736021,2.2938764736030843,20.554394960403442
1740865440.0877385,151.91630139885154,1.2733538237500184,-9.682388243196767,-1.019412084345911,2.2984180871665503,20.592886447906494
1740865440.1219902,151.9124918856577,1.2746245855938778,-9.716893990915882,-1.0453588266653226,2.3018859766594426,20.627138137817383
1740865440.1562006,151.90732681159915,1.2763456536345583,-9.751598679837802,-1.0712460071338268,2.3043103904020295,20.661348581314087
1740865440.189985,151.90150597086745,1.278282653085426,-9.786469602736416,-1.097088949779559,2.3057696523365245,20.695132970809937
1740865440.224004,151.8953061205948,1.280342783988752,-9.82147216672987,-1.1229049189234002,2.306252478200533,20.729151964187622
1740865440.2583628,151.888697982925,1.2825352027414243,-9.856573126004921,-1.1487118860958732,2.30581068958489,20.763510704040527
1740865440.291992,151.8819691174335,1.2847641093868913,-9.891740804789372,-1.1745280104351261,2.30451805728057,20.797139883041382
1740865440.3260145,151.8752780940176,1.2869769308262171,-9.926945577212344,-1.2003709283309651,2.302430611150603,20.831162452697754
1740865440.3603482,151.8687727679912,1.28912496259906,-9.962160809835225,-1.2262570175358758,2.2996101062592698,20.865496158599854
1740865440.3940196,151.86278754891813,1.291098331049284,-9.997363477144493,-1.2522007067893268,2.29612470111834,20.89916753768921
1740865440.4281373,151.85746688860633,1.2928502460309363,-10.032534563863821,-1.2782140444951993,2.2920839619141504,20.933285236358643
1740865440.4620929,151.85250589963152,1.2944817541584406,-10.067659691899578,-1.3043055003439585,2.287543210894416,20.967240810394287
1740865440.4963603,151.84866052824037,1.2957450626680038,-10.102729213601947,-1.3304798259671675,2.2825639006306115,21.001508235931396
1740865440.5301108,151.84584318544276,1.2966699123963383,-10.13773788536513,-1.356738236203713,2.2772893661763676,21.035258769989014
1740865440.5642579,151.84327893626002,1.297511148327774,-10.172685801380442,-1.3830767450328023,2.2717591178593812,21.069405794143677
1740865440.5980837,151.8422232140065,1.2978573452738893,-10.207577500015706,-1.4094871033734586,2.2660273754887523,21.10323166847229
1740865440.6321814,151.84214767607008,1.297882112718455,-10.242421132536627,-1.4359576319250262,2.2602497688161227,21.13732933998108
1740865440.6666422,151.84205658291074,1.2979119798410488,-10.277228985169993,-1.462472417379788,2.2544454858924206,21.17179012298584
1740865440.6999915,151.84346981273617,1.2974485461688978,-10.312016065179368,-1.4890130031977022,2.248660935426287,21.20513939857483
1740865440.7342691,151.84540918020073,1.2968123290942433,-10.346799296736622,-1.5155593393415472,2.2430441144015654,21.23941707611084
1740865440.7683642,151.84695737578693,1.2963042299377314,-10.381596943192353,-1.5420904445668582,2.237593785631794,21.27351212501526
